{
  "average_frame_build_time_millis": 3.237373737373738,
  "90th_percentile_frame_build_time_millis": 7.125,
  "99th_percentile_frame_build_time_millis": 12.139,
  "worst_frame_build_time_millis": 13.963,
  "missed_frame_build_budget_count": 0,
  "average_frame_rasterizer_time_millis": 6.341242424242428,
  "90th_percentile_frame_rasterizer_time_millis": 7.273,
  "99th_percentile_frame_rasterizer_time_millis": 38.414,
  "worst_frame_rasterizer_time_millis": 39.771,
  "missed_frame_rasterizer_budget_count": 2,
  "frame_count": 99,
  "frame_rasterizer_count": 99,
  "frame_build_times": [
    2181,
    1974,
    13963,
    2278,
    3718,
    7485,
    3294,
    2287,
    2173,
    2356,
    2262,
    2263,
    2389,
    2345,
    7187,
    7652,
    4070,
    5005,
    2218,
    2225,
    2772,
    3205,
    2416,
    2206,
    2296,
    2182,
    2311,
    2213,
    2167,
    2426,
    2295,
    2374,
    2240,
    2189,
    2227,
    2261,
    2234,
    2150,
    2222,
    2332,
    3452,
    2191,
    2416,
    2275,
    2347,
    2992,
    2202,
    2317,
    7125,
    3279,
    2269,
    2368,
    2286,
    2322,
    2424,
    2286,
    2208,
    2209,
    2537,
    2374,
    2429,
    6109,
    2213,
    2218,
    12139,
    3373,
    2136,
    2120,
    3066,
    2394,
    2277,
    7279,
    2370,
    2318,
    2327,
    2403,
    2208,
    2249,
    7796,
    8089,
    2629,
    2627,
    2339,
    2365,
    2462,
    2242,
    7537,
    7224,
    6057,
    6647,
    2356,
    2399,
    2362,
    2343,
    2302,
    2267,
    2296,
    2313,
    2298
  ],
  "frame_rasterizer_times": [
    39771,
    38414,
    3265,
    11920,
    4449,
    4154,
    4332,
    4995,
    8854,
    6234,
    6225,
    5868,
    5313,
    7900,
    6152,
    4682,
    5031,
    4707,
    4841,
    7019,
    5064,
    5557,
    5349,
    4282,
    6208,
    5960,
    5866,
    5130,
    9461,
    5856,
    5449,
    4944,
    4570,
    4939,
    6592,
    4987,
    4498,
    4613,
    4502,
    6345,
    6125,
    4330,
    5565,
    5171,
    4507,
    6284,
    5540,
    5621,
    6268,
    4493,
    6733,
    7273,
    6886,
    6115,
    4914,
    4677,
    5080,
    4353,
    5107,
    8749,
    4689,
    5970,
    4899,
    6993,
    7492,
    4303,
    6719,
    6169,
    6010,
    4042,
    7387,
    5639,
    4692,
    5670,
    4470,
    4252,
    4792,
    4977,
    5505,
    4730,
    5541,
    6816,
    5577,
    4364,
    4571,
    5234,
    5344,
    3986,
    5943,
    6391,
    5059,
    7068,
    5902,
    5926,
    6487,
    5272,
    5371,
    10138,
    5304
  ],
  "frame_begin_times": [
    0,
    36525,
    65851,
    98496,
    115061,
    131895,
    165826,
    180530,
    196677,
    213331,
    230056,
    246118,
    262525,
    279162,
    295917,
    316189,
    344982,
    361614,
    377732,
    394517,
    412003,
    427446,
    443869,
    460246,
    476691,
    492966,
    509235,
    525901,
    548217,
    558638,
    575193,
    591798,
    608080,
    624608,
    641278,
    657373,
    673897,
    690628,
    706671,
    723199,
    740682,
    756426,
    772573,
    789841,
    808727,
    822164,
    838624,
    855516,
    871576,
    888041,
    904709,
    920593,
    937030,
    953732,
    970478,
    986565,
    1003076,
    1019912,
    1036269,
    1052697,
    1069269,
    1085498,
    1101812,
    1118829,
    1134938,
    1167649,
    1184876,
    1200523,
    1217117,
    1233354,
    1249723,
    1266459,
    1283990,
    1299597,
    1318177,
    1348711,
    1365141,
    1381388,
    1398052,
    1414790,
    1430717,
    1447261,
    1464660,
    1480148,
    1497031,
    1513134,
    1529831,
    1546096,
    1562722,
    1578891,
    1595696,
    1611777,
    1628276,
    1644738,
    1661420,
    1677727,
    1694987,
    1710794,
    1727239
  ],
  "frame_rasterizer_begin_times": [
    0,
    40149,
    78600,
    83334,
    113921,
    131929,
    147435,
    181411,
    195976,
    211944,
    228825,
    245620,
    261549,
    278025,
    294667,
    311370,
    331981,
    360508,
    377396,
    393126,
    409917,
    427919,
    443772,
    459469,
    475637,
    492146,
    508317,
    524703,
    541272,
    563548,
    574227,
    590671,
    607324,
    623506,
    639978,
    656683,
    672815,
    689310,
    705942,
    722071,
    738601,
    757265,
    771801,
    788126,
    805299,
    824132,
    838295,
    854004,
    871030,
    887218,
    904195,
    920137,
    936111,
    952500,
    970559,
    986078,
    1002027,
    1018458,
    1035303,
    1051960,
    1068235,
    1084840,
    1100966,
    1117197,
    1134181,
    1155064,
    1183219,
    1200190,
    1215827,
    1233318,
    1248852,
    1265148,
    1281927,
    1299510,
    1315066,
    1333667,
    1364278,
    1380511,
    1396796,
    1414081,
    1430256,
    1446510,
    1463052,
    1480094,
    1495674,
    1512656,
    1528548,
    1546151,
    1562663,
    1578706,
    1594406,
    1611207,
    1627355,
    1643792,
    1660231,
    1676889,
    1693161,
    1710578,
    1727088
  ],
  "average_vsync_transitions_missed": 2.888888888888889,
  "90th_percentile_vsync_transitions_missed": 5.0,
  "99th_percentile_vsync_transitions_missed": 5.0,
  "average_vsync_frame_lag": 378.7549019607843,
  "90th_percentile_vsync_frame_lag": 529.0,
  "99th_percentile_vsync_frame_lag": 5408.0
}