{
  "average_frame_build_time_millis": 1.8598409090909087,
  "90th_percentile_frame_build_time_millis": 4.687,
  "99th_percentile_frame_build_time_millis": 9.942,
  "worst_frame_build_time_millis": 11.365,
  "missed_frame_build_budget_count": 0,
  "average_frame_rasterizer_time_millis": 2.798636363636363,
  "90th_percentile_frame_rasterizer_time_millis": 3.712,
  "99th_percentile_frame_rasterizer_time_millis": 8.345,
  "worst_frame_rasterizer_time_millis": 8.991,
  "missed_frame_rasterizer_budget_count": 0,
  "frame_count": 88,
  "frame_rasterizer_count": 88,
  "frame_build_times": [
    227,
    6470,
    3169,
    327,
    283,
    9942,
    1968,
    315,
    241,
    3688,
    592,
    334,
    318,
    7779,
    554,
    331,
    253,
    11365,
    2482,
    294,
    227,
    3362,
    692,
    305,
    272,
    4411,
    649,
    306,
    294,
    4687,
    566,
    310,
    311,
    3882,
    600,
    344,
    488,
    7546,
    649,
    551,
    363,
    9410,
    4395,
    292,
    226,
    4258,
    559,
    330,
    231,
    3403,
    562,
    449,
    291,
    4204,
    741,
    305,
    240,
    9906,
    565,
    347,
    240,
    6137,
    2918,
    325,
    358,
    3903,
    593,
    323,
    228,
    4924,
    752,
    422,
    4091,
    577,
    302,
    259,
    3430,
    546,
    302,
    252,
    4443,
    654,
    321,
    324,
    3456,
    579,
    314,
    232
  ],
  "frame_rasterizer_times": [
    2707,
    2388,
    2485,
    2289,
    2049,
    3459,
    2610,
    1941,
    3051,
    5256,
    2265,
    1746,
    2767,
    3411,
    2172,
    1749,
    2206,
    2884,
    4096,
    8991,
    3610,
    2491,
    2379,
    2744,
    2734,
    2575,
    3445,
    1992,
    2908,
    6625,
    3093,
    2547,
    2272,
    8345,
    3000,
    1768,
    2046,
    2252,
    2225,
    1933,
    2576,
    2540,
    3712,
    2515,
    3680,
    2365,
    2249,
    2237,
    2315,
    2290,
    2374,
    1999,
    2153,
    2292,
    2568,
    2809,
    3074,
    3474,
    3884,
    2233,
    2112,
    2247,
    2529,
    1973,
    2019,
    2238,
    2284,
    1712,
    2996,
    5915,
    3228,
    4000,
    3942,
    2333,
    1851,
    3213,
    2745,
    2777,
    1866,
    2066,
    2523,
    2118,
    1953,
    2319,
    2224,
    2217,
    1805,
    2230
  ],
  "frame_begin_times": [
    0,
    16047,
    32691,
    48733,
    65182,
    81950,
    98191,
    114657,
    131302,
    147411,
    164109,
    180315,
    197080,
    214572,
    229685,
    246183,
    262663,
    281379,
    296917,
    312157,
    328908,
    344922,
    361642,
    377930,
    394517,
    410753,
    427216,
    444452,
    460517,
    476811,
    493219,
    509573,
    528453,
    542859,
    559037,
    575727,
    592193,
    608911,
    624790,
    641220,
    657765,
    674631,
    691015,
    707211,
    724172,
    740418,
    756780,
    777194,
    790122,
    806246,
    823100,
    838540,
    855123,
    878809,
    888465,
    904672,
    921312,
    938159,
    954005,
    970452,
    987174,
    1004712,
    1020165,
    1036657,
    1052978,
    1069150,
    1085554,
    1102165,
    1118982,
    1135120,
    1175019,
    1185810,
    1200984,
    1217155,
    1233732,
    1250677,
    1266442,
    1284107,
    1299467,
    1315664,
    1332133,
    1348478,
    1365491,
    1381766,
    1397913,
    1414139,
    1431003,
    1447697
  ],
  "frame_rasterizer_begin_times": [
    0,
    15493,
    30351,
    46144,
    62551,
    82109,
    95946,
    112057,
    128624,
    147190,
    161793,
    177721,
    194473,
    215435,
    227561,
    243602,
    260000,
    287509,
    294565,
    309535,
    326471,
    344212,
    359425,
    375322,
    391859,
    410968,
    425307,
    441873,
    457889,
    476117,
    491055,
    507237,
    525850,
    542377,
    556704,
    573159,
    589713,
    611710,
    622528,
    638631,
    655076,
    674065,
    688648,
    704853,
    725342,
    740557,
    754423,
    774607,
    787448,
    805533,
    820743,
    836063,
    852533,
    878814,
    886176,
    902249,
    920538,
    938817,
    951652,
    967884,
    984495,
    1004127,
    1017821,
    1034169,
    1052534,
    1068961,
    1083236,
    1099683,
    1117172,
    1134653,
    1172860,
    1183275,
    1201061,
    1214972,
    1231228,
    1248256,
    1265689,
    1282042,
    1297072,
    1313836,
    1332348,
    1346218,
    1362898,
    1382624,
    1397306,
    1411806,
    1428409,
    1445038
  ],
  "average_vsync_transitions_missed": 1.0,
  "90th_percentile_vsync_transitions_missed": 1.0,
  "99th_percentile_vsync_transitions_missed": 1.0,
  "average_vsync_frame_lag": 473.25,
  "90th_percentile_vsync_frame_lag": 270.0,
  "99th_percentile_vsync_frame_lag": 1155.0
}